N,CUDA_time,CPU_time,CUBLAS_time,Speedup
32,0.00015,0.00039333333333333337,0.00042666666666666667,2.6222222222222227
64,0.00023,0.0030966666666666664,0.00052,13.463768115942027
