Size,CPU Time,CUDA Global Time,CUDA Shared Time,cuBLAS Time
2,0.0,4e-05,4e-05,8e-05
4,0.0,4e-05,3e-05,7e-05
8,2e-05,4e-05,3e-05,6e-05
16,8e-05,5e-05,4e-05,6e-05
32,0.00061,0.00011,5e-05,7e-05
64,0.00499,0.00017,8e-05,9e-05
128,0.03948,0.00034,0.00018,0.00015
512,4.66555,0.01004,0.00536,0.00467
1024,39.03473,0.06295,0.02358,0.01794
2048,933.78505,0.41162,0.11388,0.0747
4096,7302.80553,2.93312,0.67601,0.3462
8192,65140.40479,28.48386,4.34028,1.68875
