Size,OpenMP GPU Time (sec),E_last,F_last
5,0.06099,0.897148,3.01512
10,0.06767,1.103884,4.066902
50,0.06999,-0.329163,26.674548
100,0.05439,-5.360069,58.96338
500,0.10525,-6.197167,260.952395
