N,CUDA_time,CPU_time,Speedup
32,0.00010666666666666667,0.0005583333333333333,5.234375
64,0.00017266666666666667,0.004515333333333333,26.150579150579148
128,0.0005263333333333333,0.03771,71.64661177960735
256,0.0018633333333333334,0.3237946666666667,173.77173524150268
512,0.006750666666666666,4.606414333333333,682.3643590756469
1024,0.026007333333333334,39.37842466666667,1514.1277332034554
2048,0.10599066666666666,810.329797,7645.293896946901
4096,0.340459,5050.422265666667,14834.157022333577
